{
    "file_path": "/scratch/schettip/landmark_detection/ai_generated.jpeg",
    "transform_matrix": [
        [
            0.9942680893175441,
            -0.00013141069495786452,
            -0.10691562182966437,
            0.036646480742547685
        ],
        [
            0.0041676173654155955,
            -0.9991915783973618,
            0.03998511671332181,
            0.3003670099671215
        ],
        [
            -0.10683444171796012,
            -0.040201511236844255,
            -0.9934637840827549,
            0.5387739449736864
        ],
        [
            0.0,
            0.0,
            0.0,
            1.0
        ]
    ],
    "fl_x": 1487.4292404587204,
    "fl_y": 1487.4292404587204,
    "cx": 682.5,
    "cy": 384.0,
    "w": 1365,
    "h": 768,
    "camera_model": "PINHOLE"
}